index,haplotype,sampleID,population
1,I,BI2102,BI
2,I,BI2103,BI
3,I,BI2105,BI
4,I,BI2110,BI
5,I,BI2111,BI
6,I,BI2112,BI
7,I,BI2113,BI
8,I,BI2115,BI
9,I,BI2120,BI
10,I,BI2121,BI
11,I,BI2122,BI
12,I,BI2123,BI
13,I,BI2125,BI
14,I,BI2130,BI
15,I,BI2132,BI
16,I,BI2133,BI
17,I,BI2135,BI
18,I,BI2150,BI
19,II,BL1201,BL
20,III,BL1202,BL
21,IV,BL1203,BL
22,IV,BL1205,BL
23,V,BL1210,BL
24,V,BL1220,BL
25,VI,BP1120,BP
26,VI,BP1130,BP
27,VI,BP1131,BP
28,VI,BP1132,BP
29,VI,BP1135,BP
30,VII,CB2201,CB
31,VII,CB2202,CB
35,VII,CB2211,CB
37,VII,CB2213,CB
38,VII,CB2215,CB
40,VII,CB2221,CB
41,VII,CB2222,CB
42,VII,CB2223,CB
43,VII,CB2225,CB
44,VII,CB2230,CB
47,VII,CB2233,CB
48,VII,CB2235,CB
49,VII,CB2250,CB
32,VIII,CB2203,CB
33,VIII,CB2205,CB
36,VIII,CB2212,CB
46,VIII,CB2232,CB
34,IX,CB2210,CB
39,X,CB2220,CB
45,XI,CB2231,CB
50,XII,CG1300,CG
55,XII,CG1310,CG
57,XII,CG1312,CG
65,XII,CG1330,CG
51,XIII,CG1301,CG
52,XIII,CG1302,CG
56,XIII,CG1311,CG
60,XIII,CG1320,CG
64,XIII,CG1325,CG
67,XIII,CG1333,CG
53,XIV,CG1303,CG
54,XIV,CG1305,CG
59,XIV,CG1315,CG
58,XV,CG1313,CG
68,XV,CG1335,CG
61,XVI,CG1321,CG
62,XVI,CG1322,CG
63,XVII,CG1323,CG
66,XVIII,CG1331,CG
69,XIX,CG1350,CG
70,XX,CL0102,CL
74,XX,CL0121,CL
71,XXI,CL0110,CL
73,XXI,CL0115,CL
75,XXI,CL0155,CL
81,XXI,EC5021,EC
72,XXII,CL0113,CL
76,XXIII,DL23201,DL
77,XXIII,DL23227,DL
78,XXIII,DL23228,DL
90,XXIII,FL23561,FL
91,XXIII,FL23562,FL
92,XXIII,FL23563,FL
93,XXIII,FL23564,FL
142,XXIII,MG3301,MG
144,XXIII,MG3303,MG
182,XXIII,RW3210,RW
79,XXIV,EC5003,EC
80,XXIV,EC5011,EC
82,XXV,EL5625,EL
83,XXVI,EL5628,EL
84,XXVII,FB5305,FB
87,XXVII,FB5320,FB
88,XXVII,FB5322,FB
85,XXVIII,FB5311,FB
89,XXVIII,FB5332,FB
86,XXIX,FB5313,FB
94,XXX,GA0501,GA
95,XXXI,GA0502,GA
96,XXXI,GA0503,GA
98,XXXI,GA0510,GA
99,XXXI,GA0511,GA
100,XXXI,GA0512,GA
104,XXXI,GA0521,GA
106,XXXI,GA0525,GA
107,XXXI,GA0530,GA
108,XXXI,GA0531,GA
112,XXXI,GA0552,GA
97,XXXII,GA0505,GA
101,XXXII,GA0513,GA
105,XXXII,GA0523,GA
102,XXXIII,GA0515,GA
109,XXXIII,GA0533,GA
103,XXXIV,GA0520,GA
111,XXXIV,GA0550,GA
110,XXXV,GA0535,GA
113,XXXVI,GS0067,GS
114,XXXVII,GS0085,GS
115,XXXVIII,LF1501,LF
117,XXXVIII,LF1503,LF
116,XXXIX,LF1502,LF
196,XXXIX,TL5225,TL
118,XL,LF1505,LF
120,XL,LF1511,LF
122,XL,LF1513,LF
119,XLI,LF1510,LF
121,XLII,LF1512,LF
125,XLII,LF1530,LF
123,XLIII,LF1515,LF
124,XLIV,LF1520,LF
126,XLV,LF1550,LF
127,XLVI,LI5102,LI
128,XLVII,LI5103,LI
129,XLVIII,LI5105,LI
149,XLVIII,MI3002,MI
130,XLIX,LI5110,LI
131,L,LM1003,LM
132,LI,LM1015,LM
133,LII,LM1025,LM
134,LIII,LM1031,LM
135,LIV,LM1033,LM
136,LV,MF0301,MF
137,LVI,MF0302,MF
138,LVII,MF0303,MF
139,LVIII,MF0305,MF
140,LVIII,MF0310,MF
141,LVIII,MF0330,MF
143,LIX,MG3302,MG
145,LX,MG3305,MG
146,LX,MG3310,MG
147,LXI,MG3320,MG
148,LXII,MI3001,MI
153,LXII,MI3050,MI
150,LXIII,MI3005,MI
151,LXIV,MI3010,MI
152,LXV,MI3031,MI
154,LXVI,NE3103,NE
156,LXVI,NE3113,NE
158,LXVI,NE3123,NE
160,LXVI,NE_CG1,NE
155,LXVII,NE3105,NE
157,LXVII,NE3122,NE
159,LXVII,NE3150,NE
161,LXVIII,OK23118,OK
163,LXVIII,OK23121,OK
165,LXVIII,OK_FL2,OK
162,LXIX,OK23120,OK
164,LXX,OK23122,OK
166,LXXI,OR2303,OR
168,LXXI,OR2330,OR
167,LXXII,OR2310,OR
171,LXXII,ORF13,OR
172,LXXII,ORF15,OR
169,LXXIII,OR2350,OR
170,LXXIV,ORF7,OR
173,LXXV,PL2002,PL
174,LXXVI,PL2003,PL
175,LXXVII,PL2010,PL
176,LXXVIII,PL2012,PL
179,LXXVIII,PL2050,PL
177,LXXIX,PL2022,PL
178,LXXX,PL2033,PL
180,LXXXI,RR3501,RR
181,LXXXI,RR3502,RR
183,LXXXII,RW3213,RW
184,LXXXIII,RW3223,RW
185,LXXXIV,SG0201,SG
186,LXXXIV,SG0202,SG
187,LXXXIV,SG0203,SG
188,LXXXIV,SG0205,SG
189,LXXXIV,SG0210,SG
190,LXXXV,ST5500,ST
191,LXXXVI,TL5202,TL
192,LXXXVII,TL5210,TL
193,LXXXVIII,TL5211,TL
194,LXXXIX,TL5215,TL
197,LXXXIX,TL5230,TL
195,XC,TL5221,TL
198,XCI,TL5232,TL
199,XCII,WE2505,WE
200,XCII,WE2520,WE
201,XCII,WE2521,WE
202,XCIII,WE2525,WE
203,XCIII,WE2532,WE
204,XCIV,WE2535,WE